title,first_author,last_author,middle_authors,year,journal,doi,url
Fibroblastic reticular cells direct the initiation of T cell responses via CD44,Sng Xavier Y. X.,Degli-Esposti Mariapia A.,Voigt Valentina; Schuster Iona S.; Fleming Peter; Deuss Felix A.; Abuwarwar Mohammed H.; van Dommelen Serani L. H.; Neate Georgia E. G.; Arnold Riley M.; Horsnell Harry L.; Daly Sheridan; Golzarroshan Bagher; Varelias Antiopi; Lyman Stewart D.; Scalzo Anthony A.; Hill Geoffrey R.; Mueller Scott N.; Wikstrom Matthew E.; Berry Richard; Rossjohn Jamie; Fletcher Anne L.; Andoniou Christopher E.,2026,Nature,10.1038/s41586-025-09988-8,https://doi.org/10.1038/s41586-025-09988-8
Spatial Profiling of Germinal Centers in Mouse Secondary Lymphoid Organs Using MACSima Imaging Cyclic Staining Technology,Molina Isabel San Martín,Marcial-Juárez Edith,Okkenhaug Hanneke; Walker Simon; Linterman Michelle,2026,European Journal of Immunology,10.1002/eji.70157,https://doi.org/10.1002/eji.70157
Lymph node colonization induces tissue remodeling via immunosuppressive fibroblast-myeloid cell niches supporting metastatic tolerance,Haist Maximilian,Nolan Garry P.,Baertsch Marc-A.; Reticker-Flynn Nathan E.; Lu Guolan; Kempchen Tim N.; Chu Pauline; Vazquez Gustavo; Chen Han; Sunwoo John B.; Zhang Weiruo; Laseinde Eyiwunmi; Adami Bonny; Zimmer Stefanie; Kaufman Justus; Le Quynh Thu; Gentles Andrew J.; Kong Christina S.; Plevritis Sylvia K.; Goltsev Yury; Hickey John W.,2026,Cancer Cell,10.1016/j.ccell.2026.01.003,https://doi.org/10.1016/j.ccell.2026.01.003
Topological Analysis of the Human Lymph Node Reticular Network Predicts Outcome in Breast Cancer,Llewellyn Amy,Naidoo Kalnisha,D’Costa Sharon; Lam Ringo; Gore Jasmine; Lachina Veronika; Shewring Daniel; Acton Sophie E,2025,,,
CXCL12+ fibroblastic reticular cells in lymph nodes facilitate immune tolerance by regulating T cell–mediated alloimmunity,Yamamura Yuta,Abdi Reza,Sabiu Gianmarco; Zhao Jing; Jung Sungwook; Seelam Andy J.; Li Xiaofei; Song Yang; Shirkey Marina W.; Li Lushen; Piao Wenji; Wu Long; Zhang Tianshu; Ahn Soyeon; Kim Pilhan; Kasinath Vivek; Azzi Jamil R.; Bromberg Jonathan S.,2025,The Journal of Clinical Investigation,10.1172/JCI182709,https://doi.org/10.1172/JCI182709
TLR ligand sensing by lymph node FRCs directs intranodal lymphocyte accumulation to promote immune responses,Baptista Antonio P.,Mebius Reina E.,Keuning Eelco,2025,iScience,10.1016/j.isci.2025.113734,https://doi.org/10.1016/j.isci.2025.113734
Fibroblastic FLT3L supports lymph node dendritic cells in the interfollicular niche,Wu Sunny Z.,Turley Shannon J.,Lane Ryan S.; Davidson Christopher; Byrne Ashley; Protti Giulia; Marin Ines; Santosa Endi K.; Guanieri Alberto; Kayser Brandon D.; Huang Hejin; Williams Katherine; Fernandez Matthew; Jiang Jian; Zhang Juan; Asuncion Raymond; Vollmers Apple Cortez; Decalf Jérémie; Roose-Girma Merone; Lee Wyne P.; McGinnis Lisa; Kapoor Varun N.; Warming Soren; Stephenson William; Rost Sandra; Moussion Christine; Biancalani Tommaso; Müller Sören,2025,Nature Immunology,10.1038/s41590-025-02332-2,https://doi.org/10.1038/s41590-025-02332-2
Guidelines for T cell nomenclature,Masopust David,Ahmed Rafi,Awasthi Amit; Bosselut Rémy; Brooks David G.; Buggert Marcus; Chamoto Kenji; Cui Weiguo; Dong Chen; Farber Donna L.; Gebhardt Thomas; Gerlach Carmen; Goldrath Ananda; Greenberg Philip D.; Hale J. Scott; Hayday Adrian; Homann Dirk; Iannacone Matteo; Jameson Stephen C.; Jenkins Marc K.; Joshi Nikhil S.; Kaech Susan M.; Kallies Axel; Kamphorst Alice O.; Kaplan Mark H.; Klenerman Paul; Künzli Marco; Lanzavecchia Antonio; Lauer Georg M.; Lugli Enrico; Luster Andrew D.; Mackay Laura K.; McElrath M. Juliana; Mueller Scott N.; Ndhlovu Zaza; Ndung’u Thumbi; Ohashi Pamela S.; Oxenius Annette; Pantaleo Giuseppe; Pepper Marion; Picker Louis J.; Quarnstrom Clare F.; Reyes-Terán Gustavo; Roederer Mario; Rosato Pamela C.; de Oca Gonzalo Salgado-Montes; Sallusto Federica; Schumacher Ton N.; Schwartz Daniella M.; Shin Eui-Cheol; Soerens Andrew G.; Thommen Daniela S.; Vezys Vaiva; Viola João P. B.; Walker Bruce D.; Watts Tania H.; Weaver Casey T.; Wherry E. John; Xue Hai-Hui; Youngblood Ben,2025,Nature Reviews Immunology,10.1038/s41577-025-01238-2,https://doi.org/10.1038/s41577-025-01238-2
Enhanced MHC Class-II Expression in Fibroblastic Reticular Cells Associates with Maturation,Roet Janna E. G.,Mebius Reina E.,da Graça Catarina Gago; de Kok Michael; Panocha Daphne; Konijn Tanja; Roest Henk P.; van der Laan Luc J. W.; van Baarsen Lisa G. M.; de Winde Charlotte M.,2025,European Journal of Immunology,10.1002/eji.70086,https://doi.org/10.1002/eji.70086
Intrinsic Properties of the Lymph Node Render It Immunologically Susceptible to Metastasis,Kahn Benjamin M.,Stanger Ben Z.,Ng Raymond W.S.; Kim Il-Kyu; Eskandarian Cody; Chen Chelsey O.; Huang Bing; Lucas Alfredo; Li Lequn; Maillard Ivan,2025,Cancer Discovery,10.1158/2159-8290.CD-24-1847,https://doi.org/10.1158/2159-8290.CD-24-1847
A TLR4-dependent fibroblast-monocyte axis in tumor-draining lymph nodes contributes to metastasis in triple-negative breast cancer,Mattavelli Greta,Riedel Angela,Helal Moutaz; Cetkovic Ana; Krämer Maximilian J.; Herbert Saskia-Laureen; Mielert Kilian; Schlaiß Tanja; Frank Anna; Riemer Emily; John Mara; Pilar Josefina del; Vasquez Martinez; Kindl Laura; Swietlik Jonathan J.; Gansen Benedikt O.; Krafft Marion; Stanojkovska Emilia; Fischer Hanna; Albert Ute-Susann; Bauer Jonas; Delgobo Murilo; Aintablian Arpa; Alattar Haisam; Lutz Manfred B.; Meissner Felix; Oskarsson Thordur; Rasche Leo; Ramos Gustavo; Rosenwald Andreas; Wöckel Achim,2025,Immunity,10.1016/j.immuni.2025.08.015,https://doi.org/10.1016/j.immuni.2025.08.015
Lymph-node-derived stem-like but not tumor-tissue-resident CD8+ T cells fuel anticancer immunity,Wijesinghe Sharanya K. M.,Kallies Axel,Rausch Lisa; Gabriel Sarah S.; Galletti Giovanni; De Luca Marco; Qin Lei; Wen Lifen; Tsui Carlson; Man Kevin; Heyden Leonie; Mason Teisha; Newland Lewis D.; Kueh Andrew; Liao Yang; Chisanga David; Swatler Julian; Voulaz Emanuele; Marulli Giuseppe; Errico Valentina; Losurdo Agnese; Rossi Gustavo R.; Souza-Fonseca-Guimaraes Fernando; Huntington Nicholas D.; Gebhardt Thomas; Utzschneider Daniel T.; Herold Marco J.; Shi Wei; Schroeder Jan; Lugli Enrico,2025,Nature Immunology,10.1038/s41590-025-02219-2,https://doi.org/10.1038/s41590-025-02219-2
Lymph node fibroblast phenotypes and immune crosstalk regulated by podoplanin activity,Makris Spyridon,Acton Sophie E.,Hari-Gupta Yukti; Cantoral-Rebordinos Jesús A.; Martinez Victor G.; Horsnell Harry L.; Benjamin Agnesska C.; Cinti Isabella; Jovancheva Martina; Shewring Daniel; Nguyen Nicola; de Winde Charlotte M.; Denton Alice E.,2025,Cell Reports,10.1016/j.celrep.2025.115908,https://doi.org/10.1016/j.celrep.2025.115908
Splenic fibroblastic reticular cells orchestrate dendritic cell maturation and facilitate CD8+ T cell priming and protective memory,Alexandre Yannick O.,Mueller Scott N.,Potemkin Nikita; Schienstock Dominik; Duchamp Baptiste; Poch Annika; Christo Susan N.; Li Shihan; Qin Lei; Beattie Lynette; Utzschneider Daniel T.; Ono Masahiro; Schröder Jan; Mackay Laura K.,2025,Science Advances,10.1126/sciadv.adt5939,https://doi.org/10.1126/sciadv.adt5939
Fibroblastic reticular cells form reactive myeloid cell niches in human lymph nodes,Lütge Mechthild,Ludewig Burkhard,Kurz Lisa; Stanossek Yves; Meili Samuel; Cheng Hung-Wei; De Martin Angelina; Brandstadter Joshua; Maillard Ivan; Robinson Mark D.; Stoeckli Sandro J.; Pikor Natalia B.; Onder Lucas,2025,Science Immunology,10.1126/sciimmunol.ads6820,https://doi.org/10.1126/sciimmunol.ads6820
Cecelia: a multifunctional image analysis toolbox for decoding spatial cellular interactions and behaviour,Schienstock Dominik,Mueller Scott N.,Hor Jyh Liang; Devi Sapna,2025,Nature Communications,10.1038/s41467-025-57193-y,https://doi.org/10.1038/s41467-025-57193-y
Early Notch signals from fibroblastic reticular cells program effector CD8+ T cell differentiation,Maurice De Sousa Dave,Labrecque Nathalie,Perkey Eric; Le Corre Laure; Boulet Salix; Gómez Atria Daniela; Allman Anneka; Duval Frédéric; Daudelin Jean-François; Brandstadter Joshua D.; Lederer Katlyn; Mezrag Sarah; Odagiu Livia; Ennajimi Myriam; Sarrias Marion; Decaluwe Hélène; Koch Ute; Radtke Freddy; Ludewig Burkhard; Siebel Christian W.; Maillard Ivan,2025,Journal of Experimental Medicine,10.1084/jem.20231758,https://doi.org/10.1084/jem.20231758
Fibroblastic reticular cells generate protective intratumoral T cell environments in lung cancer,Onder Lucas,Ludewig Burkhard,Papadopoulou Chrysa; Lütge Almut; Cheng Hung-Wei; Lütge Mechthild; Perez-Shibayama Christian; Gil-Cruz Cristina; De Martin Angelina; Kurz Lisa; Cadosch Nadine; Pikor Natalia B.; Rodriguez Regulo; Born Diana; Jochum Wolfram; Leskow Pawel; Dutly Andre; Robinson Mark D.,2024,Cell,10.1016/j.cell.2024.10.042,https://doi.org/10.1016/j.cell.2024.10.042
Tumor-driven stromal reprogramming in the pre-metastatic lymph node,Piquet Michelle,Chang Jonathan,Ruddy David A; Cremasco Viviana,2024,F1000Research,10.12688/f1000research.145171.1,https://doi.org/10.12688/f1000research.145171.1
CCL19-Positive Lymph Node Stromal Cells Govern the Onset of Inflammatory Arthritis via Tropomyosin Receptor Kinase,Schälter Fabian,Zaiss Mario M.,Azizov Vugar; Frech Michael; Dürholz Kerstin; Schmid Eva; Hendel Anna; Sarfati Ilann; Maeda Yuichi; Sokolova Maria; Miyagawa Ippei; Focke Kristin; Sarter Kerstin; van Baarsen Lisa G. M.; Krautwald Stefan; Schett Georg,2024,"Arthritis & Rheumatology (Hoboken, N.J.)",10.1002/art.42807,https://doi.org/10.1002/art.42807
Stromal cell and B cell dialogue potentiates IL-33-enriched lymphoid niches to support eosinophil recruitment and function during type 2 immunity,Bessell Emily,Dubey Lalit Kumar,Finlay Rachel E.; James Louisa K.; Ludewig Burkhard; Harris Nicola L.; Krebs Philippe; Hepworth Matthew R.,2024,Cell Reports,10.1016/j.celrep.2024.114620,https://doi.org/10.1016/j.celrep.2024.114620
A lymphoid tissue chemokine checkpoint prevents loss of CD8+ T cell functionality,Altenburger Lukas M,Stein Jens V,Claudino Carvoeiro Daniela; Dehio Philippe; Zhou Jianwen; Laura Chiara; Katoch Mitali; Krueger Caroline; Barreto De Albuquerque Juliana; Pfenninger Petra; Martinez Magdaleno Jose; Abe Jun; Mehling Matthias; Dengjel Joern; Iannacone Matteo; Hashemi Gheinani Ali,2024,,10.1101/2024.09.19.613830,https://doi.org/10.1101/2024.09.19.613830
Localized <i>in vivo</i> gene editing of murine cancer-associated fibroblasts,Kuhn Nicholas F.,Krummel Matthew F.,Zaleta-Linares Itzia; Nyberg William A.; Eyquem Justin,2024,,10.1101/2024.07.11.603114,https://doi.org/10.1101/2024.07.11.603114
Ex vivo Model of Functioning Human Lymph Node Reveals Pivotal Role for Innate Lymphoid Cells and Stromal Populations in Response to Vaccine Adjuvant,Fergusson Joannah,Milicic Anita,Siu Jacqueline; Gupta Nitya; Nee Eloise; Reinke Soren; Stroebel Tamara; Bhalla Ananya; Kandage Shyami; Courant Thomas; Hill Sarah; Attar Moustafa; Gordon-Weeks Alex; Coles Mark; Dendrou Calliope,2024,,10.1101/2024.08.21.608943,https://doi.org/10.1101/2024.08.21.608943
The transcription factor SpiB regulates the fibroblastic reticular cell network and CD8+ T-cell responses in lymph nodes,Horsnell Harry L,Alexandre Yannick O,Cao Wang HJ; Belz Gabrielle T; Mueller Scott N,2024,Immunology & Cell Biology,10.1111/imcb.12740,https://doi.org/10.1111/imcb.12740
Leptin Receptor Deficiency Impairs Lymph Node Development and Adaptive Immune Response,Cardani-Boulton Amber,Braciale Thomas J.,Sung Sun-Sang J.; Petri William A.; Hahn Young S.,2024,The Journal of Immunology,10.4049/jimmunol.2100985,https://doi.org/10.4049/jimmunol.2100985
Cancer cell-derived extracellular vesicles drive pre-metastatic niche formation of lymph node via IFNGR1/JAK1/STAT1-activated-PD-L1 expression on FRCs in head and neck cancer,Han Nannan,Zhang Chenping,Zhou Di; Ruan Min; Yan Ming,2023,Oral Oncology,10.1016/j.oraloncology.2023.106524,https://doi.org/10.1016/j.oraloncology.2023.106524
Lymph Node Fibroblastic Reticular Cells Attenuate Immune Responses Through Induction of Tolerogenic Macrophages at Early Stage of Transplantation,Liu Beichen,Ren Hanyun,Liu Huihui; Liu Siwei; Qin Chenchen; He Xiaoya; Song Zhengyang; Dong Yujun,2023,Transplantation,10.1097/TP.0000000000004245,https://doi.org/10.1097/TP.0000000000004245
Spleen fibroblastic reticular cell-derived acetylcholine promotes lipid metabolism to drive autoreactive B cell responses,Zeng Qin,Zhang Hui,Wang Shuyi; Li Mengyuan; Wang Shuang; Guo Chaohuan; Ruan Xinyuan; Watanabe Ryu; Lai Yimei; Huang Yuefang; Yin Xiaoyu; Zhang Chuanzhao; Chen Binfeng; Yang Niansheng,2023,Cell Metabolism,10.1016/j.cmet.2023.03.010,https://doi.org/10.1016/j.cmet.2023.03.010
Bioinspired 3D microprinted cell scaffolds: Integration of graph theory to recapitulate complex network wiring in lymph nodes,Chin Matthew H. W.,Coppens Marc-Olivier,Reid Barry; Lachina Veronika; Acton Sophie E.,2023,Biotechnology Journal,10.1002/biot.202300359,https://doi.org/10.1002/biot.202300359
Identification and mapping of human lymph node stromal cell subsets by combining single-cell RNA sequencing with spatial transcriptomics.,Grasso Cristoforo,Mebius Reina E,Roet Janna; de Graça Catarina Gago; Remmerswaal Ester; Jongejan Aldo; Moerland Perry D,2023,,,
Tumor-activated lymph node fibroblasts suppress T cell function in diffuse large B cell lymphoma,Apollonio Benedetta,Ramsay Alan G.,Spada Filomena; Petrov Nedyalko; Cozzetto Domenico; Papazoglou Despoina; Jarvis Peter; Kannambath Shichina; Terranova-Barberio Manuela; Amini Rose-Marie; Enblad Gunilla; Graham Charlotte; Benjamin Reuben; Phillips Elisabeth; Ellis Richard; Nuamah Rosamond; Saqi Mansoor; Calado Dinis P.; Rosenquist Richard; Sutton Lesley A.; Salisbury Jon; Zacharioudakis Georgios; Vardi Anna; Hagner Patrick R.; Gandhi Anita K.; Bacac Marina; Claus Christina; Umana Pablo; Jarrett Ruth F.; Klein Christian; Deutsch Alexander,2023,The Journal of Clinical Investigation,10.1172/JCI166070,https://doi.org/10.1172/JCI166070
A distinct stimulatory cDC1 subpopulation amplifies CD8+ T cell responses in tumors for protective anti-cancer immunity,Meiser Philippa,Böttcher Jan P.,Knolle Moritz A.; Hirschberger Anna; de Almeida Gustavo P.; Bayerl Felix; Lacher Sebastian; Pedde Anna-Marie; Flommersfeld Sophie; Hönninger Julian; Stark Leonhard; Stögbauer Fabian; Anton Martina; Wirth Markus; Wohlleber Dirk; Steiger Katja; Buchholz Veit R.; Wollenberg Barbara; Zielinski Christina E.; Braren Rickmer; Rueckert Daniel; Knolle Percy A.; Kaissis Georgios,2023,Cancer Cell,10.1016/j.ccell.2023.06.008,https://doi.org/10.1016/j.ccell.2023.06.008
Fibroblastic reticular cells provide a supportive niche for lymph node–resident macrophages,D'Rozario Joshua,Fletcher Anne L.,Knoblich Konstantin; Lütge Mechthild; Shibayama Christian Pérez; Cheng Hung-Wei; Alexandre Yannick O.; Roberts David; Campos Joana; Dutton Emma E.; Suliman Muath; Denton Alice E.; Turley Shannon J.; Boyd Richard L.; Mueller Scott N.; Ludewig Burkhard; Heng Tracy S.P.,2023,European Journal of Immunology,10.1002/eji.202250355,https://doi.org/10.1002/eji.202250355
The extracellular matrix of lymph node reticular fibers modulates follicle border interactions and germinal center formation,Song Jian,Sorokin Lydia,Deshpande Tushar; Zhang Xueli; Hannocks Melanie-Jane; Lycke Nils; Cardell Susanna L.,2023,iScience,10.1016/j.isci.2023.106753,https://doi.org/10.1016/j.isci.2023.106753
Dictionary of immune responses to cytokines at single-cell resolution,Cui Ang,Hacohen Nir,Huang Teddy; Li Shuqiang; Ma Aileen; Pérez Jorge L.; Sander Chris; Keskin Derin B.; Wu Catherine J.; Fraenkel Ernest,2023,Nature,10.1038/s41586-023-06816-9,https://doi.org/10.1038/s41586-023-06816-9
Protective fibroblastic niches in secondary lymphoid organs,De Martin Angelina,Ludewig Burkhard,Stanossek Yves; Pikor Natalia Barbara,2023,Journal of Experimental Medicine,10.1084/jem.20221220,https://doi.org/10.1084/jem.20221220
Fibroblasts in metastatic lymph nodes confer cisplatin resistance to ESCC tumor cells via PI16,Liang Lily,Li Yan,Zhang Xu; Su Xiaodong; Zeng Tingting; Suo Daqin; Yun Jingping; Wang Xin; Guan Xin-Yuan,2023,Oncogenesis,10.1038/s41389-023-00495-x,https://doi.org/10.1038/s41389-023-00495-x
Dynamic CD8+ T cell responses to cancer immunotherapy in human regional lymph nodes are disrupted in metastatic lymph nodes,Rahim Maha K.,Spitzer Matthew H.,Okholm Trine Line H.; Jones Kyle B.; McCarthy Elizabeth E.; Liu Candace C.; Yee Jacqueline L.; Tamaki Stanley J.; Marquez Diana M.; Tenvooren Iliana; Wai Katherine; Cheung Alexander; Davidson Brittany R.; Johri Vrinda; Samad Bushra; O’Gorman William E.; Krummel Matthew F.; Zante Annemieke van; Combes Alexis J.; Angelo Michael; Fong Lawrence; Algazi Alain P.; Ha Patrick,2023,Cell,10.1016/j.cell.2023.02.021,https://doi.org/10.1016/j.cell.2023.02.021
Cancer cell plasticity and MHC-II–mediated immune tolerance promote breast cancer metastasis to lymph nodes,Lei Pin-Ji,Padera Timothy P.,Pereira Ethel R.; Andersson Patrik; Amoozgar Zohreh; Van Wijnbergen Jan Willem; O’Melia Meghan J.; Zhou Hengbo; Chatterjee Sampurna; Ho William W.; Posada Jessica M.; Kumar Ashwin S.; Morita Satoru; Menzel Lutz; Chung Charlie; Ergin Ilgin; Jones Dennis; Huang Peigen; Beyaz Semir,2023,Journal of Experimental Medicine,10.1084/jem.20221847,https://doi.org/10.1084/jem.20221847
Conserved stromal–immune cell circuits secure B cell homeostasis and function,Lütge Mechthild,Pikor Natalia B.,De Martin Angelina; Gil-Cruz Cristina; Perez-Shibayama Christian; Stanossek Yves; Onder Lucas; Cheng Hung-Wei; Kurz Lisa; Cadosch Nadine; Soneson Charlotte; Robinson Mark D.; Stoeckli Sandro J.; Ludewig Burkhard,2023,Nature Immunology,10.1038/s41590-023-01503-3,https://doi.org/10.1038/s41590-023-01503-3
PI16+ reticular cells in human palatine tonsils govern T cell activity in distinct subepithelial niches,De Martin Angelina,Ludewig Burkhard,Stanossek Yves; Lütge Mechthild; Cadosch Nadine; Onder Lucas; Cheng Hung-Wei; Brandstadter Joshua D.; Maillard Ivan; Stoeckli Sandro J.; Pikor Natalia B.,2023,Nature Immunology,10.1038/s41590-023-01502-4,https://doi.org/10.1038/s41590-023-01502-4
FRC transplantation restores lymph node conduit defects in laminin α4-deficient mice,Li Lushen,Bromberg Jonathan S.,Wu Long; Kensiski Allison; Zhao Jing; Shirkey Marina W.; Song Yang; Piao Wenji; Zhang Tianshu; Mei Zhongcheng; Gavzy Samuel J.; Ma Bing; Saxena Vikas; Lee Young S.; Xiong Yanbao; Li Xiaofei; Fan Xiaoxuan; Abdi Reza,2023,JCI insight,10.1172/jci.insight.167816,https://doi.org/10.1172/jci.insight.167816
Splenic stromal niches in homeostasis and immunity,Alexandre Yannick O.,Mueller Scott N.,,2023,Nature Reviews Immunology,10.1038/s41577-023-00857-x,https://doi.org/10.1038/s41577-023-00857-x
Fibroblastic reticular cells in lymph node potentiate white adipose tissue beiging through neuro-immune crosstalk in male mice,Cheong Lai Yee,Xu Aimin,Wang Baile; Wang Qin; Jin Leigang; Kwok Kelvin H. M.; Wu Xiaoping; Shu Lingling; Lin Huige; Chung Sookja Kim; Cheng Kenneth K. Y.; Hoo Ruby L. C.,2023,Nature Communications,10.1038/s41467-023-36737-0,https://doi.org/10.1038/s41467-023-36737-0
Intravital three-photon microscopy allows visualization over the entire depth of mouse lymph nodes,Choe Kibaek,Xu Chris,Hontani Yusaku; Wang Tianyu; Hebert Eric; Ouzounov Dimitre G.; Lai Kristine; Singh Ankur; Béguelin Wendy; Melnick Ari M.,2022,Nature Immunology,10.1038/s41590-021-01101-1,https://doi.org/10.1038/s41590-021-01101-1
Multitier mechanics control stromal adaptations in the swelling lymph node,Assen Frank P.,Sixt Michael,Abe Jun; Hons Miroslav; Hauschild Robert; Shamipour Shayan; Kaufmann Walter A.; Costanzo Tommaso; Krens Gabriel; Brown Markus; Ludewig Burkhard; Hippenmeyer Simon; Heisenberg Carl-Philipp; Weninger Wolfgang; Hannezo Edouard; Luther Sanjiv A.; Stein Jens V.,2022,Nature Immunology,10.1038/s41590-022-01257-4,https://doi.org/10.1038/s41590-022-01257-4
IFNAR signaling in fibroblastic reticular cells can modulate CD8+ memory fate decision,Knop Laura,Schüler Thomas,Spanier Julia; Larsen Pia-Katharina; Witte Amelie; Bank Ute; Dunay Ildiko R.; Kalinke Ulrich,2022,European Journal of Immunology,10.1002/eji.202149760,https://doi.org/10.1002/eji.202149760
Control of lymph node activity by direct local innervation,De Virgiliis Francesco,Scheiermann Christoph,Oliva Valeria Maria; Kizil Burak,2022,Trends in Neurosciences,10.1016/j.tins.2022.06.006,https://doi.org/10.1016/j.tins.2022.06.006
Stromal structure remodeling by B lymphocytes limits T cell activation in lymph nodes of Mycobacterium tuberculosis-infected mice,Daniel Lina,Feng Carl G.,Bhattacharyya Nayan D.; Counoupas Claudio; Cai Yi; Chen Xinchun; Triccas James A.; Britton Warwick J.,2022,The Journal of Clinical Investigation,10.1172/JCI157873,https://doi.org/10.1172/JCI157873
Human Papillary and Reticular Fibroblasts Show Distinct Functions on Tumor Behavior in 3D-Organotypic Cultures Mimicking Melanoma and HNSCC,Wu Shidi,El Ghalbzouri Abdoelwaheb,Rietveld Marion; Hogervorst Marieke; de Gruijl Frank; van der Burg Sjoerd; Vermeer Maarten; van Doorn Remco; Welters Marij,2022,International Journal of Molecular Sciences,10.3390/ijms231911651,https://doi.org/10.3390/ijms231911651
Characterization of CD41+ cells in the lymph node,Dai Li,Abdi Reza,Uehara Mayuko; Li Xiaofei; LaBarre Brenna A.; Banouni Naima; Ichimura Takaharu; Lee-Sundlov Melissa M.; Kasinath Vivek; Sullivan Jade A.; Ni Heyu; Barone Francesca; Giannini Silvia; Bahmani Baharak; Sage Peter T.; Patsopoulos Nikolaos A.; Tsokos George C.; Bromberg Jonathan S.; Hoffmeister Karin; Jiang Liwei,2022,Frontiers in Immunology,10.3389/fimmu.2022.801945,https://doi.org/10.3389/fimmu.2022.801945
Tumor-Derived Lactic Acid Modulates Activation and Metabolic Status of Draining Lymph Node Stroma,Riedel Angela,Shields Jacqueline D.,Helal Moutaz; Pedro Luisa; Swietlik Jonathan J.; Shorthouse David; Schmitz Werner; Haas Lisa; Young Timothy; da Costa Ana S. H.; Davidson Sarah; Bhandare Pranjali; Wolf Elmar; Hall Benjamin A.; Frezza Christian; Oskarsson Thordur,2022,Cancer Immunology Research,10.1158/2326-6066.CIR-21-0778,https://doi.org/10.1158/2326-6066.CIR-21-0778
Intestinal fibroblastic reticular cell niches control innate lymphoid cell homeostasis and function,Cheng Hung-Wei,Ludewig Burkhard,Mörbe Urs; Lütge Mechthild; Engetschwiler Céline; Onder Lucas; Novkovic Mario; Gil-Cruz Cristina; Perez-Shibayama Christian; Hehlgans Thomas; Scandella Elke,2022,Nature Communications,10.1038/s41467-022-29734-2,https://doi.org/10.1038/s41467-022-29734-2
Characterization of Leptin Receptor+ Stromal Cells in Lymph Node,Jiang Liwei,Abdi Reza,Yilmaz Mine; Uehara Mayuko; Cavazzoni Cecilia B.; Kasinath Vivek; Zhao Jing; Naini Said Movahedi; Li Xiaofei; Banouni Naima; Fiorina Paolo; Shin Su Ryon; Tullius Stefan G.; Bromberg Jonathan S.; Sage Peter T.,2022,Frontiers in Immunology,10.3389/fimmu.2021.730438,https://doi.org/10.3389/fimmu.2021.730438
Fibroblastic reticular cells mitigate acute graft-versus-host disease via MHCII-dependent maintenance of regulatory T cells,Shaikh Haroon,Beilhack Andreas,Pezoldt Joern; Mokhtari Zeinab; Gamboa Vargas Juan; Le Duc-Dung; Peña Mosca Josefina; Arellano-Viera Estibaliz; Kern Michael Ag; Graf Caroline; Beyersdorf Niklas; Lutz Manfred B.; Riedel Angela; Büttner-Herold Maike; Zernecke Alma; Einsele Hermann; Saliba Antoine-Emmanuel; Ludewig Burkhard; Huehn Jochen,2022,JCI insight,10.1172/jci.insight.154250,https://doi.org/10.1172/jci.insight.154250
Lymph node expansion predicts magnitude of vaccine immune response,Najibi Alexander J,Mooney David J,Lane Ryan S; Sobral Miguel C; Freedman Benjamin R; Estupinan Joel Gutierrez; Elosegui-Artola Alberto; Tringides Christina M; Dellacherie Maxence O; Williams Katherine; Müller Sören; Turley Shannon J,2022,,10.1101/2022.10.25.513749,https://doi.org/10.1101/2022.10.25.513749
Lymph node fibroblastic reticular cells regulate differentiation and function of CD4 T cells via CD25,Kim Dongeon,Lee Seung-Hyo,Kim Mingyo; Kim Tae Woo; Choe Yong-ho; Noh Hae Sook; Jeon Hyun Min; Kim HyunSeok; Lee Youngeun; Hur Gayeong; Lee Kyung-Mi; Shin Kihyuk; Lee Sang-il,2022,Journal of Experimental Medicine,10.1084/jem.20200795,https://doi.org/10.1084/jem.20200795
LRRC15+ myofibroblasts dictate the stromal setpoint to suppress tumour immunity,Krishnamurty Akshay T.,Turley Shannon J.,Shyer Justin A.; Thai Minh; Gandham Vineela; Buechler Matthew B.; Yang Yeqing Angela; Pradhan Rachana N.; Wang Amber W.; Sanchez Patricia L.; Qu Yan; Breart Beatrice; Chalouni Cécile; Dunlap Debra; Ziai James; Elstrott Justin; Zacharias Neelie; Mao Weiguang; Rowntree Rebecca K.; Sadowsky Jack; Lewis Gail D.; Pillow Thomas H.; Nabet Barzin Y.; Banchereau Romain; Tam Lucinda; Caothien Roger; Bacarro Natasha; Roose-Girma Merone; Modrusan Zora; Mariathasan Sanjeev; Müller Sören,2022,Nature,10.1038/s41586-022-05272-1,https://doi.org/10.1038/s41586-022-05272-1
A diverse fibroblastic stromal cell landscape in the spleen directs tissue homeostasis and immunity,Alexandre Yannick O.,Mueller Scott N.,Schienstock Dominik; Lee Hyun Jae; Gandolfo Luke C.; Williams Cameron G.; Devi Sapna; Pal Bhupinder; Groom Joanna R.; Cao Wang; Christo Susan N.; Gordon Claire L.; Starkey Graham; D’Costa Rohit; Mackay Laura K.; Haque Ashraful; Ludewig Burkhard; Belz Gabrielle T.,2022,Science Immunology,10.1126/sciimmunol.abj0641,https://doi.org/10.1126/sciimmunol.abj0641
Lymph node homeostasis and adaptation to immune challenge resolved by fibroblast network mechanics,Horsnell Harry L.,Acton Sophie E.,Tetley Robert J.; De Belly Henry; Makris Spyridon; Millward Lindsey J.; Benjamin Agnesska C.; Heeringa Lucas A.; de Winde Charlotte M.; Paluch Ewa K.; Mao Yanlan,2022,Nature Immunology,10.1038/s41590-022-01272-5,https://doi.org/10.1038/s41590-022-01272-5
Targeting TLR4 during vaccination boosts MAdCAM-1+ lymphoid stromal cell activation and promotes the aged germinal center response.,Denton Alice E,Linterman Michelle A,Dooley James; Cinti Isabella; Silva-Cayetano Alyssa; Fra-Bido Sigrid; Innocentin Silvia; Hill Danika L; Carr Edward J; McKenzie Andrew N J; Liston Adrian,2022,Science immunology,10.1126/SCIIMMUNOL.ABK0018/SUPPL_FILE/SCIIMMUNOL.ABK0018_TABLE_S1.ZIP,https://doi.org/10.1126/SCIIMMUNOL.ABK0018/SUPPL_FILE/SCIIMMUNOL.ABK0018_TABLE_S1.ZIP
Effector and stem-like memory cell fates are imprinted in distinct lymph node niches directed by CXCR3 ligands,Duckworth Brigette C.,Groom Joanna R.,Lafouresse Fanny; Wimmer Verena C.; Broomfield Benjamin J.; Dalit Lennard; Alexandre Yannick O.; Sheikh Amania A.; Qin Raymond Z.; Alvarado Carolina; Mielke Lisa A.; Pellegrini Marc; Mueller Scott N.; Boudier Thomas; Rogers Kelly L.,2021,Nature Immunology,10.1038/s41590-021-00878-5,https://doi.org/10.1038/s41590-021-00878-5
Lymph node stromal cells: subsets and functions in health and disease,Grasso C.,Van Baarsen L.G.M.,Pierie C.; Mebius R.E.,2021,Trends in Immunology,10.1016/j.it.2021.08.009,https://doi.org/10.1016/j.it.2021.08.009
Collagen type VI is the antigen recognized by the ER-TR7 antibody,Schiavinato Alvise,Wagener Raimund,Przyklenk Matthias; Kobbe Birgit; Paulsson Mats,2021,European Journal of Immunology,10.1002/eji.202149263,https://doi.org/10.1002/eji.202149263
Adenovirus vector vaccination reprograms pulmonary fibroblastic niches to support protective inflating memory CD8+ T cells,Cupovic Jovana,Ludewig Burkhard,Ring Sandra S.; Onder Lucas; Colston Julia M.; Lütge Mechthild; Cheng Hung-Wei; De Martin Angelina; Provine Nicholas M.; Flatz Lukas; Oxenius Annette; Scandella Elke; Krebs Philippe; Engeler Daniel; Klenerman Paul,2021,Nature Immunology,10.1038/s41590-021-00969-3,https://doi.org/10.1038/s41590-021-00969-3
Gremlin 1+ fibroblastic niche maintains dendritic cell homeostasis in lymphoid tissues,Kapoor Varun N.,Turley Shannon J.,Müller Sören; Keerthivasan Shilpa; Brown Markus; Chalouni Cecile; Storm Elaine E.; Castiglioni Alessandra; Lane Ryan; Nitschke Maximilian; Dominguez Claudia X.; Astarita Jillian L.; Krishnamurty Akshay T.; Carbone Catherine B.; Senbabaoglu Yasin; Wang Amber W.; Wu Xiumin; Cremasco Viviana; Roose-Girma Merone; Tam Lucinda; Doerr Jonas; Chen Mark Z.; Lee Wyne P.; Modrusan Zora; Yang Yeqing Angela; Bourgon Richard; Sandoval Wendy; Shaw Andrey S.; de Sauvage Frederic J.; Mellman Ira; Moussion Christine,2021,Nature Immunology,10.1038/s41590-021-00920-6,https://doi.org/10.1038/s41590-021-00920-6
Fibroblast-derived IL-33 is dispensable for lymph node homeostasis but critical for CD8 T-cell responses to acute and chronic viral infection,Aparicio-Domingo Patricia,Luther Sanjiv A.,Cannelle Hélène; Buechler Matthew B.; Nguyen Sylvain; Kallert Sandra M.; Favre Stéphanie; Alouche Nagham; Papazian Natalie; Ludewig Burkhard; Cupedo Tom; Pinschewer Daniel D.; Turley Shannon J.,2021,European Journal of Immunology,10.1002/eji.201948413,https://doi.org/10.1002/eji.201948413
Lymph nodes are innervated by a unique population of sensory neurons with immunomodulatory potential,Huang Siyi,Andrian Ulrich H. von,Ziegler Carly G. K.; Austin John; Mannoun Najat; Vukovic Marko; Ordovas-Montanes Jose; Shalek Alex K.,2021,Cell,10.1016/j.cell.2020.11.028,https://doi.org/10.1016/j.cell.2020.11.028
"Communication, construction, and fluid control: lymphoid organ fibroblastic reticular cell and conduit networks",Acton Sophie E.,Ludewig Burkhard,Onder Lucas; Novkovic Mario; Martinez Victor G.,2021,Trends in Immunology,10.1016/j.it.2021.07.003,https://doi.org/10.1016/j.it.2021.07.003
Differentiation and activation of fibroblastic reticular cells,Lütge Mechthild,Ludewig Burkhard,Pikor Natalia B.,2021,Immunological Reviews,10.1111/imr.12981,https://doi.org/10.1111/imr.12981
Cross-tissue organization of the fibroblast lineage,Buechler Matthew B.,Turley Shannon J.,Pradhan Rachana N.; Krishnamurty Akshay T.; Cox Christian; Calviello Aslihan Karabacak; Wang Amber W.; Yang Yeqing Angela; Tam Lucinda; Caothien Roger; Roose-Girma Merone; Modrusan Zora; Arron Joseph R.; Bourgon Richard; Müller Sören,2021,Nature,10.1038/s41586-021-03549-5,https://doi.org/10.1038/s41586-021-03549-5
"Fibroblastic reticular cell response to dendritic cells requires coordinated activity of podoplanin, CD44 and CD9",de Winde Charlotte M.,Acton Sophie E.,Makris Spyridon; Millward Lindsey J.; Cantoral-Rebordinos Jesús A.; Benjamin Agnesska C.; Martínez Víctor G.,2021,Journal of Cell Science,10.1242/jcs.258610,https://doi.org/10.1242/jcs.258610
IL-17–dependent fibroblastic reticular cell training boosts tissue protective mucosal immunity through IL-10–producing B cells,Wu Dongwen,McGeachy Mandy J.,Poholek Catherine H.; Majumder Saikat; Liu Qixing; Revu Shankar K.; Mohib Kanishka; Rothstein David M.,2021,Science Immunology,10.1126/sciimmunol.aao3669,https://doi.org/10.1126/sciimmunol.aao3669
Lymphocyte access to lymphoma is impaired by high endothelial venule regression,Menzel Lutz,Rehm Armin,Zschummel Maria; Crowley Tadhg; Franke Vedran; Grau Michael; Ulbricht Carolin; Hauser Anja; Siffrin Volker; Bajénoff Marc; Acton Sophie E.; Akalin Altuna; Lenz Georg; Willimsky Gerald; Höpken Uta E.,2021,Cell Reports,10.1016/j.celrep.2021.109878,https://doi.org/10.1016/j.celrep.2021.109878
"Fibroblasts as immune regulators in infection, inflammation and cancer",Davidson Sarah,Buckley Christopher D.,Coles Mark; Thomas Tom; Kollias George; Ludewig Burkhard; Turley Shannon; Brenner Michael,2021,Nature Reviews Immunology,10.1038/s41577-021-00540-z,https://doi.org/10.1038/s41577-021-00540-z
Invasive dedifferentiated melanoma cells inhibit JAK1-STAT3-driven actomyosin contractility of human fibroblastic reticular cells of the lymph node,Rovera Christopher,Prod'homme Virginie,Berestjuk Ilona; Lecacheur Margaux; Diazzi Serena; Mallavialle Aude; Albrengues Jean; Gaggioli Cédric; Girard Christophe; Passeron Thierry; Deckert Marcel; Tartare-Deckert Sophie,2021,bioRxiv,10.1101/2021.03.25.436913,https://doi.org/10.1101/2021.03.25.436913
Lymph node fibroblastic reticular cells steer immune responses.,Li Lushen,Bromberg Jonathan S.,Wu Jing; Abdi Reza; Jewell Christopher M.,2021,Trends in immunology,10.1016/j.it.2021.06.006,https://doi.org/10.1016/j.it.2021.06.006
Systemic Inflammation Suppresses Lymphoid Tissue Remodeling and B Cell Immunity during Concomitant Local Infection,Alexandre Yannick O.,Mueller Scott N.,Devi Sapna; Park Simone L.; Mackay Laura K.; Heath William R.,2020,Cell Reports,10.1016/j.celrep.2020.108567,https://doi.org/10.1016/j.celrep.2020.108567
IL‐7 derived from lymph node fibroblastic reticular cells is dispensable for naive T cell homeostasis but crucial for central memory T cell survival,Knop Laura,Schüler Thomas,Deiser Katrin; Bank Ute; Witte Amelie; Mohr Juliane; Philipsen Lars; Fehling Hans J.; Müller Andreas J.; Kalinke Ulrich,2020,European Journal of Immunology,10.1002/eji.201948368,https://doi.org/10.1002/eji.201948368
The lymph node stromal laminin α5 shapes alloimmunity,Li Lushen,Bromberg Jonathan S.,Shirkey Marina W.; Zhang Tianshu; Xiong Yanbao; Piao Wenji; Saxena Vikas; Paluskievicz Christina; Lee Young; Toney Nicholas; Cerel Benjamin M.; Li Qinshan; Simon Thomas; Smith Kyle D.; Hippen Keli L.; Blazar Bruce R.; Abdi Reza,2020,The Journal of Clinical Investigation,10.1172/JCI135099,https://doi.org/10.1172/JCI135099
YAP/TAZ direct commitment and maturation of lymph node fibroblastic reticular cells,Choi Sung Yong,Koh Gou Young,Bae Hosung; Jeong Sun-Hye; Park Intae; Cho Hyunsoo; Hong Seon Pyo; Lee Da-Hye; Lee Choong-kun; Park Jin-Sung; Suh Sang Heon; Choi Jeongwoon; Yang Myung Jin; Jang Jeon Yeob; Onder Lucas; Moon Jeong Hwan; Jeong Han-Sin; Adams Ralf H.; Kim Jin-Man; Ludewig Burkhard; Song Joo-Hye; Lim Dae-Sik,2020,Nature Communications,10.1038/s41467-020-14293-1,https://doi.org/10.1038/s41467-020-14293-1
Type I interferon signaling in fibroblastic reticular cells prevents exhaustive activation of antiviral CD8+ T cells,Perez-Shibayama Christian,Ludewig Burkhard,Islander Ulrika; Lütge Mechthild; Cheng Hung-Wei; Onder Lucas; Ring Sandra S.; De Martin Angelina; Novkovic Mario; Colston Julia; Gil-Cruz Cristina,2020,Science Immunology,10.1126/sciimmunol.abb7066,https://doi.org/10.1126/sciimmunol.abb7066
Topological Structure and Robustness of the Lymph Node Conduit System,Novkovic Mario,Ludewig Burkhard,Onder Lucas; Bocharov Gennady,2020,Cell Reports,10.1016/j.celrep.2019.12.070,https://doi.org/10.1016/j.celrep.2019.12.070
The fibroblastic T cell niche in lymphoid tissues The fibroblastic reticular cell family,Fletcher Anne L,Knoblich Konstantin,Baker Alfie T; Lukacs-Kornek Veronika,2020,Current Opinion in Immunology,10.1016/j.coi.2020.04.007,https://doi.org/10.1016/j.coi.2020.04.007
Attenuation of chronic antiviral T-cell responses through constitutive COX2-dependent prostanoid synthesis by lymph node fibroblasts,Schaeuble Karin,Luther Sanjiv A.,Cannelle Hélène; Favre Stéphanie; Huang Hsin-Ying; Oberle Susanne G.; Speiser Daniel E.; Zehn Dietmar,2019,PLoS biology,10.1371/journal.pbio.3000072,https://doi.org/10.1371/journal.pbio.3000072
High-resolution 3D imaging and topological mapping of the lymph node conduit system,Kelch Inken D.,Dunbar P. Rod,Bogle Gib; Sands Gregory B.; Phillips Anthony R. J.; LeGrice Ian J.,2019,PLoS Biology,10.1371/journal.pbio.3000486,https://doi.org/10.1371/journal.pbio.3000486
Origin and differentiation trajectories of fibroblastic reticular cells in the splenic white pulp,Cheng Hung-Wei,Ludewig Burkhard,Onder Lucas; Novkovic Mario; Soneson Charlotte; Lütge Mechthild; Pikor Natalia; Scandella Elke; Robinson Mark D.; Miyazaki Jun-ichi; Tersteegen Anne; Sorg Ursula; Pfeffer Klaus; Rülicke Thomas; Hehlgans Thomas,2019,Nature Communications,10.1038/s41467-019-09728-3,https://doi.org/10.1038/s41467-019-09728-3
Fibroblastic reticular cells enhance T cell metabolism and survival via epigenetic remodeling,Brown Flavian D.,Turley Shannon J.,Sen Debattama R.; LaFleur Martin W.; Godec Jernej; Lukacs-Kornek Veronika; Schildberg Frank A.; Kim Hye-Jung; Yates Kathleen B.; Ricoult Stéphane J. H.; Bi Kevin; Trombley Justin D.; Kapoor Varun N.; Stanley Illana A.; Cremasco Viviana; Danial Nika N.; Manning Brendan D.; Sharpe Arlene H.; Haining W. Nicholas,2019,Nature Immunology,10.1038/s41590-019-0515-x,https://doi.org/10.1038/s41590-019-0515-x
IL-17 metabolically reprograms activated fibroblastic reticular cells for proliferation and survival,Majumder Saikat,McGeachy Mandy J,Amatya Nilesh; Revu Shankar; Jawale Chetan V; Wu Dongwen; Rittenhouse Natalie; Menk Ashley; Kupul Saran; Du Fang; Raphael Itay; Bhattacharjee Amrita; Siebenlist Ulrich; Hand Timothy W; Delgoffe Greg M; Poholek Amanda C; Gaffen Sarah L; Biswas Partha S,2019,Nature immunology,10.1038/s41590-019-0367-4,https://doi.org/10.1038/s41590-019-0367-4
Embryonic FAP+ lymphoid tissue organizer cells generate the reticular network of adult lymph nodes,Denton Alice E.,Fearon Douglas T.,Carr Edward J.; Magiera Lukasz P.; Watts Andrew J. B.,2019,The Journal of Experimental Medicine,10.1084/jem.20181705,https://doi.org/10.1084/jem.20181705
Mechanosensing by Peyer's patch stroma regulates lymphocyte migration and mucosal antibody responses,Chang Jonathan E.,Carroll Michael C.,Buechler Matthew B.; Gressier Elise; Turley Shannon J.,2019,Nature Immunology,10.1038/s41590-019-0505-z,https://doi.org/10.1038/s41590-019-0505-z
Stromal cell networks coordinate immune response generation and maintenance,Alexandre Yannick O.,Mueller Scott N.,,2018,Immunological Reviews,10.1111/imr.12641,https://doi.org/10.1111/imr.12641
CCL19-producing fibroblastic stromal cells restrain lung carcinoma growth by promoting local antitumor T-cell responses,Cheng Hung-Wei,Ludewig Burkhard,Onder Lucas; Cupovic Jovana; Boesch Maximilian; Novkovic Mario; Pikor Natalia; Tarantino Ignazio; Rodriguez Regulo; Schneider Tino; Jochum Wolfram; Brutsche Martin,2018,Journal of Allergy and Clinical Immunology,10.1016/j.jaci.2017.12.998,https://doi.org/10.1016/j.jaci.2017.12.998
Single-Cell RNA Sequencing of Lymph Node Stromal Cells Reveals Niche-Associated Heterogeneity,Rodda Lauren B.,Cyster Jason G.,Lu Erick; Bennett Mariko L.; Sokol Caroline L.; Wang Xiaoming; Luther Sanjiv A.; Barres Ben A.; Luster Andrew D.; Ye Chun Jimmie,2018,Immunity,10.1016/j.immuni.2018.04.006,https://doi.org/10.1016/j.immuni.2018.04.006
Identification of a new subset of lymph node stromal cells involved in regulating plasma cell homeostasis,Huang Hsin-Ying,Luther Sanjiv A.,Rivas-Caicedo Ana; Renevey François; Cannelle Hélène; Peranzoni Elisa; Scarpellino Leonardo; Hardie Debbie L.; Pommier Arnaud; Schaeuble Karin; Favre Stéphanie; Vogt Tobias K.; Arenzana-Seisdedos Fernando; Schneider Pascal; Buckley Christopher D.; Donnadieu Emmanuel,2018,Proceedings of the National Academy of Sciences of the United States of America,10.1073/pnas.1712628115,https://doi.org/10.1073/pnas.1712628115
A Distinct Subset of Fibroblastic Stromal Cells Constitutes the Cortex-Medulla Boundary Subcompartment of the Lymph Node,Takeuchi Arata,Katakai Tomoya,Ozawa Madoka; Kanda Yasuhiro; Kozai Mina; Ohigashi Izumi; Kurosawa Yoichi; Rahman Md Azizur; Kawamura Toshihiko; Shichida Yuto; Umemoto Eiji; Miyasaka Masayuki; Ludewig Burkhard; Takahama Yousuke; Nagasawa Takashi,2018,Frontiers in Immunology,10.3389/fimmu.2018.02196,https://doi.org/10.3389/fimmu.2018.02196
Disrupted fibroblastic reticular cells and interleukin-7 expression in tumor draining lymph nodes,Gao Jianbao,Zhu Bo,Zhao Lintao; Liu Lina; Yang Yang; Guo Bo,2017,Oncology Letters,10.3892/ol.2017.6537,https://doi.org/10.3892/ol.2017.6537
Infection Programs Sustained Lymphoid Stromal Cell Responses and Shapes Lymph Node Remodeling upon Secondary Challenge,Gregory Julia L.,Mueller Scott N.,Walter Anne; Alexandre Yannick O.; Hor Jyh Liang; Liu Ruijie; Ma Joel Z.; Devi Sapna; Tokuda Nobuko; Owada Yuji; Mackay Laura K.; Smyth Gordon K.; Heath William R.,2017,Cell Reports,10.1016/j.celrep.2016.12.038,https://doi.org/10.1016/j.celrep.2016.12.038
Context-Dependent Development of Lymphoid Stroma from Adult CD34+ Adventitial Progenitors,Sitnik Katarzyna M.,Agace William W.,Wendland Kerstin; Weishaupt Holger; Uronen-Hansson Heli; White Andrea J.; Anderson Graham; Kotarsky Knut,2016,Cell Reports,10.1016/j.celrep.2016.02.033,https://doi.org/10.1016/j.celrep.2016.02.033
Topological Small-World Organization of the Fibroblastic Reticular Cell Network Determines Lymph Node Functionality,Novkovic Mario,Ludewig Burkhard,Onder Lucas; Cupovic Jovana; Abe Jun; Bomze David; Cremasco Viviana; Scandella Elke; Stein Jens V.; Bocharov Gennady; Turley Shannon J.,2016,PLoS Biology,10.1371/journal.pbio.1002515,https://doi.org/10.1371/journal.pbio.1002515
Tumor-induced stromal reprogramming drives lymph node transformation,Riedel Angela,Shields Jacqueline,Shorthouse David; Haas Lisa; Hall Benjamin A.,2016,Nature Immunology,10.1038/ni.3492,https://doi.org/10.1038/ni.3492
The CLEC-2–podoplanin axis controls the contractility of fibroblastic reticular cells and lymph node microarchitecture,Astarita Jillian L.,Turley Shannon J.,Cremasco Viviana; Fu Jianxin; Darnell Max C.; Peck James R.; Nieves-Bonilla Janice M.; Song Kai; Kondo Yuji; Woodruff Matthew C.; Gogineni Alvin; Onder Lucas; Ludewig Burkhard; Weimer Robby M.; Carroll Michael C.; Mooney David J.; Xia Lijun,2015,Nature Immunology,10.1038/ni.3035,https://doi.org/10.1038/ni.3035
Lymph node fibroblastic reticular cells in health and disease,Fletcher Anne L,Knoblich Konstantin,Acton Sophie E,2015,Nature Reviews Immunology,10.1038/nri3846,https://doi.org/10.1038/nri3846
Lymph node stromal cells constrain immunity via MHC class II self-antigen presentation,Baptista Antonio P,Mebius Reina E,Roozendaal Ramon; Reijmers Rogier M; Koning Jasper J; Unger Wendy W; Greuter Mascha; Keuning Eelco D; Molenaar Rosalie; Goverse Gera; Sneeboer Marlous M S; den Haan Joke M M; Boes Marianne,2014,eLife,10.7554/eLife.04433,https://doi.org/10.7554/eLife.04433
B cell homeostasis and follicle confines are governed by fibroblastic reticular cells,Cremasco Viviana,Turley Shannon J.,Woodruff Matthew C.; Onder Lucas; Cupovic Jovana; Nieves-Bonilla Janice M.; Schildberg Frank A.; Chang Jonathan; Cremasco Floriana; Harvey Christopher J.; Wucherpfennig Kai; Ludewig Burkhard; Carroll Michael C.,2014,Nature Immunology,10.1038/ni.2965,https://doi.org/10.1038/ni.2965
Fibroblastic reticular cells of the lymph node are required for retention of resting but not activated CD8+ T cells,Denton Alice E.,Fearon Douglas T.,Roberts Edward W.; Linterman Michelle A.,2014,Proceedings of the National Academy of Sciences of the United States of America,10.1073/pnas.1412910111,https://doi.org/10.1073/pnas.1412910111
Dendritic cells control fibroblastic reticular network tension and lymph node expansion,Acton Sophie E.,Reis e Sousa Caetano,Farrugia Aaron J.; Astarita Jillian L.; Mourão-Sá Diego; Jenkins Robert P.; Nye Emma; Hooper Steven; van Blijswijk Janneke; Rogers Neil C.; Snelgrove Kathryn J.; Rosewell Ian; Moita Luis F.; Stamp Gordon; Turley Shannon J.; Sahai Erik,2014,Nature,10.1038/nature13814,https://doi.org/10.1038/nature13814
Trapping of naive lymphocytes triggers rapid growth and remodeling of the fibroblast network in reactive murine lymph nodes,Yang Chen-Ying,Luther Sanjiv A.,Vogt Tobias K.; Favre Stéphanie; Scarpellino Leonardo; Huang Hsin-Ying; Tacchini-Cottier Fabienne,2014,Proceedings of the National Academy of Sciences,10.1073/pnas.1312585111,https://doi.org/10.1073/pnas.1312585111
Maturation of Lymph Node Fibroblastic Reticular Cells from Myofibroblastic Precursors Is Critical for Antiviral Immunity,Chai Qian,Ludewig Burkhard,Onder Lucas; Scandella Elke; Gil-Cruz Cristina; Perez-Shibayama Christian; Cupovic Jovana; Danuser Renzo; Sparwasser Tim; Luther Sanjiv A.; Thiel Volker; Rülicke Thomas; Stein Jens V.; Hehlgans Thomas,2013,Immunity,10.1016/j.immuni.2013.03.012,https://doi.org/10.1016/j.immuni.2013.03.012
IL-7–producing stromal cells are critical for lymph node remodeling,Onder Lucas,Ludewig Burkhard,Narang Priyanka; Scandella Elke; Chai Qian; Iolyeva Maria; Hoorweg Kerim; Halin Cornelia; Richie Ellen; Kaye Paul; Westermann Jürgen; Cupedo Tom; Coles Mark,2012,Blood,10.1182/blood-2012-03-416859,https://doi.org/10.1182/blood-2012-03-416859
Transcriptional profiling of stroma from inflamed and resting lymph nodes defines immunological hallmarks,Malhotra Deepali,Turley Shannon J.,Fletcher Anne L.; Astarita Jillian; Lukacs-Kornek Veronika; Tayalia Prakriti; Gonzalez Santiago F.; Elpek Kutlu G.; Chang Sook Kyung; Knoblich Konstantin; Hemler Martin E.; Brenner Michael B.; Carroll Michael C.; Mooney David J.,2012,Nature Immunology,10.1038/ni.2262,https://doi.org/10.1038/ni.2262
Podoplanin-rich stromal networks induce dendritic cell motility via activation of the C-type lectin receptor CLEC-2,Acton Sophie E.,Turley Shannon J.,Astarita Jillian L.; Malhotra Deepali; Lukacs-Kornek Veronika; Franz Bettina; Hess Paul R.; Jakus Zoltan; Kuligowski Michael; Fletcher Anne L.; Elpek Kutlu G.; Bellemare-Pelletier Angelique; Sceats Lindsay; Reynoso Erika D.; Gonzalez Santiago F.; Graham Daniel B.; Chang Jonathan; Peters Anneli; Woodruff Matthew; Kim Young-A.; Swat Wojciech; Morita Takashi; Kuchroo Vijay; Carroll Michael C.; Kahn Mark L.; Wucherpfennig Kai W.,2012,Immunity,10.1016/j.immuni.2012.05.022,https://doi.org/10.1016/j.immuni.2012.05.022
Reproducible Isolation of Lymph Node Stromal Cells Reveals Site-Dependent Differences in Fibroblastic Reticular Cells,Fletcher Anne L.,Turley Shannon J.,Malhotra Deepali; Acton Sophie E.; Lukacs-Kornek Veronika; Bellemare-Pelletier Angelique; Curry Mark; Armant Myriam,2011,Frontiers in Immunology,10.3389/fimmu.2011.00035,https://doi.org/10.3389/fimmu.2011.00035
Regulated release of nitric oxide by nonhematopoietic stroma controls expansion of the activated T cell pool in lymph nodes,Lukacs-Kornek Veronika,Turley Shannon J.,Malhotra Deepali; Fletcher Anne L.; Acton Sophie E.; Elpek Kutlu G.; Tayalia Prakriti; Collier Ai-ris,2011,Nature Immunology,10.1038/ni.2112,https://doi.org/10.1038/ni.2112
PD-L1 has distinct functions in hematopoietic and nonhematopoietic cells in regulating T cell responses during chronic infection in mice,Mueller Scott N.,Ahmed Rafi,Vanguri Vijay K.; Ha Sang-Jun; West Erin E.; Keir Mary E.; Glickman Jonathan N.; Sharpe Arlene H.,2010,The Journal of Clinical Investigation,10.1172/JCI40040,https://doi.org/10.1172/JCI40040
Lymph node fibroblastic reticular cells directly present peripheral tissue antigen under steady-state and inflammatory conditions,Fletcher Anne L.,Turley Shannon J.,Lukacs-Kornek Veronika; Reynoso Erika D.; Pinner Sophie E.; Bellemare-Pelletier Angelique; Curry Mark S.; Collier Ai-Ris; Boyd Richard L.,2010,The Journal of Experimental Medicine,10.1084/jem.20092642,https://doi.org/10.1084/jem.20092642
Stromal cell contributions to the homeostasis and functionality of the immune system,Mueller Scott N,Germain Ronald N,,2009,Nature Reviews Immunology,10.1038/nri2588,https://doi.org/10.1038/nri2588
Organizer-Like Reticular Stromal Cell Layer Common to Adult Secondary Lymphoid Organs1,Katakai Tomoya,Shimizu Akira,Suto Hidenori; Sugai Manabu; Gonda Hiroyuki; Togawa Atsushi; Suematsu Sachiko; Ebisuno Yukihiko; Katagiri Koko; Kinashi Tatsuo,2008,The Journal of Immunology,10.4049/jimmunol.181.9.6189,https://doi.org/10.4049/jimmunol.181.9.6189
Fibroblastic reticular cells in lymph nodes regulate the homeostasis of naive T cells,Link Alexander,Luther Sanjiv A,Vogt Tobias K; Favre Stéphanie; Britschgi Mirjam R; Acha-Orbea Hans; Hinz Boris; Cyster Jason G,2007,Nature Immunology,10.1038/ni1513,https://doi.org/10.1038/ni1513
CC Chemokine Receptor 7 Contributes to Gi-Dependent T Cell Motility in the Lymph Node1,Okada Takaharu,Cyster Jason G,,2007,The Journal of Immunology,10.4049/jimmunol.178.5.2973,https://doi.org/10.4049/jimmunol.178.5.2973
CCR7 ligands stimulate the intranodal motility of T lymphocytes in vivo,Worbs Tim,Förster Reinhold,Mempel Thorsten R.; Bölter Jasmin; von Andrian Ulrich H.,2007,The Journal of Experimental Medicine,10.1084/jem.20061706,https://doi.org/10.1084/jem.20061706
Viral targeting of fibroblastic reticular cells contributes to immunosuppression and persistence during chronic infection,Mueller Scott,Mueller Scott,,2007,,10.1073/pnas.0702579104,https://doi.org/10.1073/pnas.0702579104
Regulation of Homeostatic Chemokine Expression and Cell Trafficking During Immune Responses,Mueller Scott N.,Matloubian Mehrdad,Hosiawa-Meagher Karoline A.; Konieczny Bogumila T.; Sullivan Brandon M.; Bachmann Martin F.; Locksley Richard M.; Ahmed Rafi,2007,Science,10.1126/science.1144830,https://doi.org/10.1126/science.1144830
"Stromal Cell Networks Regulate Lymphocyte Entry, Migration, and Territoriality in Lymph Nodes",Bajénoff Marc,Germain Ronald N.,Egen Jackson; Koo Lily Y.; Laugier Jean Pierre; Brau Frédéric; Glaichenhaus Nicolas,2006,Immunity,10.1016/j.immuni.2006.10.011,https://doi.org/10.1016/j.immuni.2006.10.011
The Conduit System Transports Soluble Antigens from the Afferent Lymph to Resident Dendritic Cells in the T Cell Area of the Lymph Node,Sixt Michael,Sorokin Lydia,Kanazawa Nobuo; Selg Manuel; Samson Thomas; Roos Gunnel; Reinhardt Dieter P.; Pabst Reinhard; Lutz Manfred B.,2005,Immunity,10.1016/j.immuni.2004.11.013,https://doi.org/10.1016/j.immuni.2004.11.013
T cell homeostasis requires G protein-coupled receptor-mediated access to trophic signals that promote growth and inhibit chemotaxis,Cinalli Ryan M.,Rathmell Jeffrey C.,Herman Catherine E.; Lew Brian O.; Wieman Heather L.; Thompson Craig B.,2005,European Journal of Immunology,10.1002/eji.200425729,https://doi.org/10.1002/eji.200425729
Immunoarchitecture of distinct reticular fibroblastic domains in the white pulp of mouse spleen,Balogh Péter,Szakal Andras K.,Horváth Gábor,2004,The Journal of Histochemistry and Cytochemistry: Official Journal of the Histochemistry Society,10.1177/002215540405201005,https://doi.org/10.1177/002215540405201005
Lymph Node Fibroblastic Reticular Cells Construct the Stromal Reticulum via Contact with Lymphocytes,Katakai Tomoya,Shimizu Akira,Hara Takahiro; Sugai Manabu; Gonda Hiroyuki,2004,The Journal of Experimental Medicine,10.1084/jem.20040254,https://doi.org/10.1084/jem.20040254
A conduit system distributes chemokines and small blood-borne molecules through the splenic white pulp,Nolte Martijn A.,Mebius Reina E.,Beliën Jeroen A. M.; Schadee-Eestermans Inge; Jansen Wendy; Unger Wendy W. J.; van Rooijen Nico; Kraal Georg,2003,The Journal of Experimental Medicine,10.1084/jem.20021801,https://doi.org/10.1084/jem.20021801
Rapid Cytotoxic T Lymphocyte Activation Occurs in the Draining Lymph Nodes After Cutaneous Herpes Simplex Virus Infection as a Result of Early Antigen Presentation and Not the Presence of Virus,Mueller Scott N.,Carbone Francis R.,Jones Claerwen M.; Smith Chris M.; Heath William R.,2002,The Journal of Experimental Medicine,10.1084/jem.20012023,https://doi.org/10.1084/jem.20012023
T-Cell Function and Migration — Two Sides of the Same Coin,Andrian Ulrich H. von,Mackay Charles R.,,2000,New England Journal of Medicine,10.1056/NEJM200010053431407,https://doi.org/10.1056/NEJM200010053431407
Coexpression of the chemokines ELC and SLC by T zone stromal  cells and deletion of the ELC gene in the  plt/plt mouse,Luther Sanjiv A.,Cyster Jason G.,Tang H. Lucy; Hyman Paul L.; Farr Andrew G.,2000,Proceedings of the National Academy of Sciences of the United States of America,10.1073/pnas.97.23.12694,https://doi.org/10.1073/pnas.97.23.12694
Fibroblastic reticulum cells in human lymph nodes. An ultrastructural study,Tykocinski M.,Greco M. A.,Schinella R. A.,1983,Archives of Pathology & Laboratory Medicine,,
Studies on the structure and permeability of the microvasculature in normal rat lymph nodes.,Anderson A. O.,Anderson N. D.,,1975,The American Journal of Pathology,,
ULTRASTRUCTURAL FEATURES OF ANTIGEN CAPTURE IN PRIMARY AND SECONDARY LYMPHOID FOLLICLES,Nossal G. J. V.,Lummus Z.,Abbot A.; Mitchell Judith,1968,The Journal of Experimental Medicine,10.1084/jem.127.2.277,https://doi.org/10.1084/jem.127.2.277
The reticulum of lymph nodes in mice studied with the electron microscope,Clark S. L.,Clark S. L.,,1962,The American Journal of Anatomy,10.1002/aja.1001100303,https://doi.org/10.1002/aja.1001100303